time,commits,authors,greybar
8.05015703704e-06,0,0,0.0
8.05015703704e-06,1,4,0.0
0.0,1,2,0.0
0.0,0,0,0.0
